2025-04-09 15:48:00,KyungNong,경농
2025-04-09 15:48:07,DongBangAgro,동방아그로
2025-04-09 15:48:13,NongHyupChemical,농협케미컬
2025-04-09 15:48:23,SungBoChemical,성보화학
2025-04-09 15:57:37,HanKookSamgong,한국삼공
2025-04-09 16:56:03,KyungNong,경농
2025-04-09 17:28:35,BayerCropScience,바이엘크롭사이언스
2025-04-10 09:59:16,HanearlScience,한얼싸이언스
2025-04-10 10:18:46,HanearlScience,한얼싸이언스
2025-04-10 10:42:40,HanearlScience,한얼싸이언스
2025-04-10 11:29:44,HanearlScience,한얼싸이언스
2025-04-10 12:14:01,HanearlScience,한얼싸이언스
2025-04-11 15:50:23,SungBoChemical,성보화학
2025-04-11 17:10:53,HanKookSamgong,한국삼공
2025-04-15 10:59:01,SunmoonGreenScience,선문그린사이언스
2025-04-16 10:30:35,HanKookSamgong,한국삼공
2025-04-16 11:31:39,FarmHannong,팜한농
2025-04-16 11:39:02,FarmHannong,팜한농
2025-04-16 12:14:11,FarmHannong,팜한농
2025-04-16 12:59:58,HanKookSamgong,한국삼공
2025-04-17 15:41:56,KyungNong,경농
2025-04-18 10:21:50,SunmoonGreenScience,선문그린사이언스
2025-04-18 15:50:33,SyngentaKorea,신젠타코리아
2025-04-18 15:59:18,FarmHannong,팜한농
2025-04-18 16:05:01,DongBangAgro,동방아그로
2025-04-18 16:08:05,BayerCropScience,바이엘크롭사이언스
2025-04-18 16:22:26,SyngentaKorea,신젠타코리아
2025-04-18 16:24:01,HanearlScience,한얼싸이언스
2025-04-18 16:25:00,SunmoonGreenScience,선문그린사이언스
2025-04-18 16:29:34,DongBangAgro,동방아그로
2025-04-18 16:33:06,FarmHannong,팜한농
2025-04-18 16:37:34,FarmHannong,팜한농
2025-04-18 16:39:46,KyungNong,경농
2025-04-18 16:42:49,HanearlScience,한얼싸이언스
2025-04-18 17:13:17,SunmoonGreenScience,선문그린사이언스
2025-04-18 17:14:11,KyungNong,경농
2025-04-18 17:16:28,KyungNong,경농
2025-04-18 17:19:50,SyngentaKorea,신젠타코리아
2025-04-18 17:25:53,Enbio,인바이오
2025-04-21 09:45:55,HanKookSamgong,한국삼공
2025-04-21 10:18:39,SyngentaKorea,신젠타코리아
2025-04-21 10:48:56,FarmHannong,팜한농
2025-04-21 10:52:15,FarmHannong,팜한농
2025-04-21 10:58:09,FarmHannong,팜한농
2025-04-21 11:02:08,Enbio,인바이오
2025-04-21 11:04:33,HanKookSamgong,한국삼공
2025-04-21 11:07:16,SyngentaKorea,신젠타코리아
2025-04-21 11:15:09,BayerCropScience,바이엘크롭사이언스
2025-04-21 11:19:38,HanearlScience,한얼싸이언스
2025-04-21 11:24:59,HanearlScience,한얼싸이언스
2025-04-21 12:43:44,HanearlScience,한얼싸이언스
2025-04-21 12:44:28,HanearlScience,한얼싸이언스
2025-04-21 12:54:12,SunmoonGreenScience,선문그린사이언스
2025-04-21 13:02:57,SunmoonGreenScience,선문그린사이언스
2025-04-21 13:15:41,DongBangAgro,동방아그로
2025-04-21 13:15:41,DongBangAgro,동방아그로
2025-04-21 13:39:49,FarmHannong,팜한농
2025-04-21 13:40:01,KyungNong,경농
2025-04-21 13:40:33,HanKookSamgong,한국삼공
2025-04-21 13:40:42,NongHyupChemical,농협케미컬
2025-04-21 13:40:59,KyungNong,경농
2025-04-21 13:41:09,BayerCropScience,바이엘크롭사이언스
2025-04-21 13:41:29,HanearlScience,한얼싸이언스
2025-04-21 14:16:47,HanKookSamgong,한국삼공
2025-04-21 14:17:00,KyungNong,경농
2025-04-21 14:29:00,HanKookSamgong,한국삼공
2025-04-21 14:29:40,NongHyupChemical,농협케미컬
2025-04-21 14:31:27,NongHyupChemical,농협케미컬
2025-04-21 14:38:37,HanearlScience,한얼싸이언스
2025-04-21 14:38:49,KyungNong,경농
2025-04-21 14:39:06,NongHyupChemical,농협케미컬
2025-04-21 14:40:08,NongHyupChemical,농협케미컬
2025-04-21 14:40:17,HanearlScience,한얼싸이언스
2025-04-21 14:42:15,KyungNong,경농
2025-04-21 14:42:29,FarmHannong,팜한농
2025-04-21 14:44:20,KyungNong,경농
2025-04-21 14:45:25,KyungNong,경농
2025-04-21 14:46:35,KyungNong,경농
2025-04-21 14:50:37,KyungNong,경농
2025-04-21 15:49:07,KyungNong,경농
2025-04-21 16:00:56,NongHyupChemical,농협케미컬
2025-04-21 16:04:03,KyungNong,경농
2025-04-21 16:07:13,DongBangAgro,동방아그로
2025-04-21 16:07:22,HanKookSamgong,한국삼공
2025-04-21 16:09:33,KyungNong,경농
2025-04-21 16:09:48,HanKookSamgong,한국삼공
2025-04-21 16:09:57,NongHyupChemical,농협케미컬
2025-04-21 16:11:48,HanearlScience,한얼싸이언스
2025-04-21 16:11:55,BayerCropScience,바이엘크롭사이언스
2025-04-21 16:12:01,DongBangAgro,동방아그로
2025-04-21 16:47:13,HanKookSamgong,한국삼공
2025-04-21 16:55:14,HanKookSamgong,한국삼공
2025-04-22 10:35:11,KyungNong,경농
2025-04-22 13:33:28,KyungNong,경농
2025-04-24 10:56:48,adminkcpa,관리자
2025-04-24 11:03:17,FarmHannong,팜한농
2025-04-28 15:54:11,HanearlScience,한얼싸이언스
2025-04-28 16:21:15,HanKookSamgong,한국삼공
2025-04-28 16:28:53,KyungNong,경농
2025-04-30 14:12:49,Enbio,인바이오
